Date,Count
28-Jan,1197
29-Jan,15694
30-Jan,1423
31-Jan,939
1-Feb,884
2-Feb,1502
3-Feb,2643
4-Feb,1671
5-Feb,2598
6-Feb,2791
7-Feb,511
8-Feb,287
9-Feb,148
10-Feb,222
11-Feb,169
12-Feb,179
13-Feb,181
14-Feb,125
15-Feb,65
16-Feb,90
17-Feb,171
18-Feb,245
19-Feb,347
20-Feb,246
21-Feb,160
22-Feb,139
23-Feb,268
24-Feb,240
25-Feb,545
26-Feb,565
27-Feb,296
28-Feb,147
1-Mar,133
2-Mar,358
3-Mar,589
4-Mar,475
5-Mar,427
6-Mar,411
7-Mar,150
8-Mar,126
9-Mar,354
10-Mar,583
11-Mar,554
12-Mar,282